{"cameraMode":{"drawMode":0,"name":"Shaded","section":"Shading Mode"},"sceneLighting":true,"audioPlay":false,"sceneViewState":{"showFog":false,"showMaterialUpdate":false,"showSkybox":false,"showFlares":false,"showImageEffects":false,"showParticleSystems":false},"in2DMode":false,"pivot":{"x":-0.1622689813375473,"y":0.7149115800857544,"z":2.237804412841797},"rotation":{"x":-0.06025950238108635,"y":0.020058849826455118,"z":-0.0012112199328839779,"w":-0.9979804754257202},"size":3.4889986515045168,"orthographic":false}