{"cameraMode":{"drawMode":0,"name":"Shaded","section":"Shading Mode"},"sceneLighting":true,"audioPlay":false,"sceneViewState":{"showFog":false,"showMaterialUpdate":false,"showSkybox":false,"showFlares":false,"showImageEffects":false,"showParticleSystems":false},"in2DMode":false,"pivot":{"x":-0.000022508203983306885,"y":1.0,"z":-0.000027438625693321228},"rotation":{"x":-0.17043738067150117,"y":0.01980121061205864,"z":-0.003425744827836752,"w":-0.9851635694503784},"size":0.4795500636100769,"orthographic":false}