{"cameraMode":{"drawMode":0,"name":"Shaded","section":"Shading Mode"},"sceneLighting":true,"audioPlay":false,"sceneViewState":{"showFog":false,"showMaterialUpdate":false,"showSkybox":false,"showFlares":false,"showImageEffects":false,"showParticleSystems":false},"in2DMode":false,"pivot":{"x":0.052782200276851657,"y":0.8795961141586304,"z":0.10874851047992706},"rotation":{"x":-0.2910369634628296,"y":-0.14366981387138368,"z":0.04425479471683502,"w":-0.9448270201683044},"size":0.7795500159263611,"orthographic":false}