{"cameraMode":{"drawMode":0,"name":"Shaded","section":"Shading Mode"},"sceneLighting":true,"audioPlay":false,"sceneViewState":{"showFog":false,"showMaterialUpdate":false,"showSkybox":false,"showFlares":false,"showImageEffects":false,"showParticleSystems":false},"in2DMode":false,"pivot":{"x":-0.05576997250318527,"y":1.0364315509796143,"z":-0.12414094805717468},"rotation":{"x":-0.14459025859832765,"y":-0.09720200300216675,"z":0.014274156652390957,"w":-0.9846022725105286},"size":1.0795502662658692,"orthographic":false}